age_categories,Count,proportional
Under 30,53734695,0.21538227104973126
30-39,42560264,0.1705923206002401
40-49,40643874,0.16291094396979688
50-59,43819164,0.17563831073798084
Over 60,68727231,0.2754761536422509
